SampleID	BarcodeSequence(i7)	BarcodeSequence(5i)	Index1	Index2	LinkerSequenceForward	PrimerSequenceForward	LinkerSequenceReverse	PrimerSequenceReverse	Experiment	Platform	CycleKit	RunDate	Sample_description	Project	Donor	Antibiotic	Treat	Time	Name	Description
A01	ATGCGCAG	TCGACTAG	N722	S513	G	CCTACGGGNGGCWGCAG	TRUE	GACTACHVGGGTATCTAATCC	p538_KPC_AL	GDC_MiSeq	PE600	run_200227	D2CA3	perturb	HumanDonor2	none	none	24h	None 3	p538_run200227_16S_KPC_AL
A02	ATGCGCAG	GCGTAAGA	N722	S517	G	CCTACGGGNGGCWGCAG	TRUE	GACTACHVGGGTATCTAATCC	p538_KPC_AL	GDC_MiSeq	PE600	run_200227	D2CAR1	perturb	HumanDonor2	Rifampicin	none	24h	Rifampicin 1	p538_run200227_16S_KPC_AL
A03	TACGCTGC	TCGACTAG	N721	S513	G	CCTACGGGNGGCWGCAG	TRUE	GACTACHVGGGTATCTAATCC	p538_KPC_AL	GDC_MiSeq	PE600	run_200227	D2CA1	perturb	HumanDonor2	none	none	24h	None 1	p538_run200227_16S_KPC_AL
A04	ATGCGCAG	GAGCCTTA	N722	S521	G	CCTACGGGNGGCWGCAG	TRUE	GACTACHVGGGTATCTAATCC	p538_KPC_AL	GDC_MiSeq	PE600	run_200227	D2CA2	perturb	HumanDonor2	none	none	24h	None 2	p538_run200227_16S_KPC_AL
A05	TACGCTGC	AAGGCTAT	N721	S520	G	CCTACGGGNGGCWGCAG	TRUE	GACTACHVGGGTATCTAATCC	p538_KPC_AL	GDC_MiSeq	PE600	run_200227	D2CAR2	perturb	HumanDonor2	Rifampicin	none	24h	Rifampicin 2	p538_run200227_16S_KPC_AL
A06	GCGTAGTA	GCGTAAGA	N719	S517	G	CCTACGGGNGGCWGCAG	TRUE	GACTACHVGGGTATCTAATCC	p538_KPC_AL	GDC_MiSeq	PE600	run_200227	D2CAR3	perturb	HumanDonor2	Rifampicin	none	24h	Rifampicin 3	p538_run200227_16S_KPC_AL
A07	GCGTAGTA	GAGCCTTA	N719	S521	G	CCTACGGGNGGCWGCAG	TRUE	GACTACHVGGGTATCTAATCC	p538_KPC_AL	GDC_MiSeq	PE600	run_200227	D2CAP1	perturb	HumanDonor2	Polymyxin	none	24h	Polymyxin 1	p538_run200227_16S_KPC_AL
A08	GGAGCTAC	TCGACTAG	N718	S513	G	CCTACGGGNGGCWGCAG	TRUE	GACTACHVGGGTATCTAATCC	p538_KPC_AL	GDC_MiSeq	PE600	run_200227	D2CAP2	perturb	HumanDonor2	Polymyxin	none	24h	Polymyxin 2	p538_run200227_16S_KPC_AL
A09	GGAGCTAC	TTATGCGA	N718	S522	G	CCTACGGGNGGCWGCAG	TRUE	GACTACHVGGGTATCTAATCC	p538_KPC_AL	GDC_MiSeq	PE600	run_200227	D2CAP3	perturb	HumanDonor2	Polymyxin	none	24h	Polymyxin 3	p538_run200227_16S_KPC_AL
A10	ACTCGCTA	TCGACTAG	N716	S513	G	CCTACGGGNGGCWGCAG	TRUE	GACTACHVGGGTATCTAATCC	p538_KPC_AL	GDC_MiSeq	PE600	run_200227	D1CA1	perturb	HumanDonor1	none	none	24h	None 1	p538_run200227_16S_KPC_AL
A11	ATGCGCAG	AAGGCTAT	N722	S520	G	CCTACGGGNGGCWGCAG	TRUE	GACTACHVGGGTATCTAATCC	p538_KPC_AL	GDC_MiSeq	PE600	run_200227	D1CA2	perturb	HumanDonor1	none	none	24h	None 2	p538_run200227_16S_KPC_AL
A12	ATGCGCAG	CCTAGAGT	N722	S516	G	CCTACGGGNGGCWGCAG	TRUE	GACTACHVGGGTATCTAATCC	p538_KPC_AL	GDC_MiSeq	PE600	run_200227	D1CA3	perturb	HumanDonor1	none	none	24h	None 3	p538_run200227_16S_KPC_AL
A13	TAGCGCTC	CCTAGAGT	N723	S516	G	CCTACGGGNGGCWGCAG	TRUE	GACTACHVGGGTATCTAATCC	p538_KPC_AL	GDC_MiSeq	PE600	run_200227	D1CAR1	perturb	HumanDonor1	Rifampicin	none	24h	Rifampicin 1	p538_run200227_16S_KPC_AL
A14	GCGTAGTA	TTATGCGA	N719	S522	G	CCTACGGGNGGCWGCAG	TRUE	GACTACHVGGGTATCTAATCC	p538_KPC_AL	GDC_MiSeq	PE600	run_200227	D1CAR2	perturb	HumanDonor1	Rifampicin	none	24h	Rifampicin 2	p538_run200227_16S_KPC_AL
A15	TACGCTGC	GAGCCTTA	N721	S521	G	CCTACGGGNGGCWGCAG	TRUE	GACTACHVGGGTATCTAATCC	p538_KPC_AL	GDC_MiSeq	PE600	run_200227	D1CAR3	perturb	HumanDonor1	Rifampicin	none	24h	Rifampicin 3	p538_run200227_16S_KPC_AL
A16	GCGTAGTA	TCGACTAG	N719	S513	G	CCTACGGGNGGCWGCAG	TRUE	GACTACHVGGGTATCTAATCC	p538_KPC_AL	GDC_MiSeq	PE600	run_200227	D1CAP1	perturb	HumanDonor1	Polymyxin	none	24h	Polymyxin 1	p538_run200227_16S_KPC_AL
A17	GGAGCTAC	TTCTAGCT	N718	S515	G	CCTACGGGNGGCWGCAG	TRUE	GACTACHVGGGTATCTAATCC	p538_KPC_AL	GDC_MiSeq	PE600	run_200227	D1CAP2	perturb	HumanDonor1	Polymyxin	none	24h	Polymyxin 2	p538_run200227_16S_KPC_AL
A18	ATGCGCAG	TTCTAGCT	N722	S515	G	CCTACGGGNGGCWGCAG	TRUE	GACTACHVGGGTATCTAATCC	p538_KPC_AL	GDC_MiSeq	PE600	run_200227	D1CAP3	perturb	HumanDonor1	Polymyxin	none	24h	Polymyxin 3	p538_run200227_16S_KPC_AL
A19	TACGCTGC	GCGTAAGA	N721	S517	G	CCTACGGGNGGCWGCAG	TRUE	GACTACHVGGGTATCTAATCC	p538_KPC_AL	GDC_MiSeq	PE600	run_200227	D3CA1	perturb	HumanDonor3	none	none	24h	None 1	p538_run200227_16S_KPC_AL
A20	CGGAGCCT	TTATGCGA	N720	S522	G	CCTACGGGNGGCWGCAG	TRUE	GACTACHVGGGTATCTAATCC	p538_KPC_AL	GDC_MiSeq	PE600	run_200227	D3CA2	perturb	HumanDonor3	none	none	24h	None 2	p538_run200227_16S_KPC_AL
A21	GGAGCTAC	AAGGCTAT	N718	S520	G	CCTACGGGNGGCWGCAG	TRUE	GACTACHVGGGTATCTAATCC	p538_KPC_AL	GDC_MiSeq	PE600	run_200227	D3CA3	perturb	HumanDonor3	none	none	24h	None 3	p538_run200227_16S_KPC_AL
A22	TACGCTGC	CTATTAAG	N721	S518	G	CCTACGGGNGGCWGCAG	TRUE	GACTACHVGGGTATCTAATCC	p538_KPC_AL	GDC_MiSeq	PE600	run_200227	D3CAR1	perturb	HumanDonor3	Rifampicin	none	24h	Rifampicin 1	p538_run200227_16S_KPC_AL
A23	CGGAGCCT	AAGGCTAT	N720	S520	G	CCTACGGGNGGCWGCAG	TRUE	GACTACHVGGGTATCTAATCC	p538_KPC_AL	GDC_MiSeq	PE600	run_200227	D3CAR2	perturb	HumanDonor3	Rifampicin	none	24h	Rifampicin 2	p538_run200227_16S_KPC_AL
A24	ACTCGCTA	TTATGCGA	N716	S522	G	CCTACGGGNGGCWGCAG	TRUE	GACTACHVGGGTATCTAATCC	p538_KPC_AL	GDC_MiSeq	PE600	run_200227	D3CAR3	perturb	HumanDonor3	Rifampicin	none	24h	Rifampicin 3	p538_run200227_16S_KPC_AL
A25	TAGCGCTC	CTATTAAG	N723	S518	G	CCTACGGGNGGCWGCAG	TRUE	GACTACHVGGGTATCTAATCC	p538_KPC_AL	GDC_MiSeq	PE600	run_200227	D3CAP1	perturb	HumanDonor3	Polymyxin	none	24h	Polymyxin 1	p538_run200227_16S_KPC_AL
A26	CGGAGCCT	GCGTAAGA	N720	S517	G	CCTACGGGNGGCWGCAG	TRUE	GACTACHVGGGTATCTAATCC	p538_KPC_AL	GDC_MiSeq	PE600	run_200227	D3CAP2	perturb	HumanDonor3	Polymyxin	none	24h	Polymyxin 2	p538_run200227_16S_KPC_AL
A27	GGAGCTAC	GCGTAAGA	N718	S517	G	CCTACGGGNGGCWGCAG	TRUE	GACTACHVGGGTATCTAATCC	p538_KPC_AL	GDC_MiSeq	PE600	run_200227	D3CAP3	perturb	HumanDonor3	Polymyxin	none	24h	Polymyxin 3	p538_run200227_16S_KPC_AL
A28	ACTCGCTA	AAGGCTAT	N716	S520	G	CCTACGGGNGGCWGCAG	TRUE	GACTACHVGGGTATCTAATCC	p538_KPC_AL	GDC_MiSeq	PE600	run_200227	ModelGut15_5D1Slurry	perturb	HumanDonor1	none	none	0h	Inoculum	p538_run200227_16S_KPC_AL
A29	TAGCGCTC	TTCTAGCT	N723	S515	G	CCTACGGGNGGCWGCAG	TRUE	GACTACHVGGGTATCTAATCC	p538_KPC_AL	GDC_MiSeq	PE600	run_200227	ModelGut15_5D2Slurry	perturb	HumanDonor2	none	none	0h	Inoculum	p538_run200227_16S_KPC_AL
A30	CGGAGCCT	CCTAGAGT	N720	S516	G	CCTACGGGNGGCWGCAG	TRUE	GACTACHVGGGTATCTAATCC	p538_KPC_AL	GDC_MiSeq	PE600	run_200227	ModelGut15_5D3Slurry	perturb	HumanDonor3	none	none	0h	Inoculum	p538_run200227_16S_KPC_AL
